{
  "shared_resource_group": "rgiiterraformeusdev",
  "Environment_Type": "inf",
  "Postgres_ServerName": "dgx-ii-psql-inf",
  "Redis": {
    "inf": {
      "resource_group": "rgiiterraformeusdev",
      "Server_Name": "dgx-ii-redis-eus-inf",
      "Sku": "Basic",
      "Sku_Capacity": 2,
      "Sku_Family": "C"
    }
  },
  "Key_Vault": {
    "inf": {
      "resource_group": "rgiiterraformeusdev",
      "name": "dgx-ii-kv-01-eus-inf",
      "svc_principal_id": "65b4bffc-acae-4ce3-8ffd-82c0d52639fd"
    }
  }
}