{
  "shared_resource_group": "rgiieusqa",
  "Environment_Type": "qat",
  "Postgres_ServerName": "dgx-ii-psql-qa",
  "Redis": {
    "qabck": {
      "resource_group": "rgiibckeusqa",
      "Server_Name": "dgx-ii-redis-bck-eus-qat",
      "Sku": "Standard",
      "Sku_Capacity": 2,
      "Sku_Family": "C"
    },
    "qafun": {
      "resource_group": "rgiifuneusqa",
      "Server_Name": "dgx-ii-redis-fun-eus-qat",
      "Sku": "Standard",
      "Sku_Capacity": 2,
      "Sku_Family": "C"
    },
    "qaprd": {
      "resource_group": "rgiiprdeusqa",
      "Server_Name": "dgx-ii-redis-prd-eus-qat",
      "Sku": "Standard",
      "Sku_Capacity": 2,
      "Sku_Family": "C"
    }
  },
  "Key_Vault": {
    "qafun": {
      "resource_group": "rgiifuneusqa",
      "name": "dgx-ii-kv-fun-eus-qat",
      "svc_principal_id": "65b4bffc-acae-4ce3-8ffd-82c0d52639fd"
    },
    "qaprd": {
      "resource_group": "rgiiprdeusqa",
      "name": "dgx-ii-kv-prd-eus-qat",
      "svc_principal_id": "65b4bffc-acae-4ce3-8ffd-82c0d52639fd"
    }
  }
}